<?xml version="1.0" encoding="UTF-8" standalone="yes"?>
<window>
    <defaultcontrol>200</defaultcontrol>
    <coordinates>
        <system>1</system>
        <posx>0</posx>
        <posy>0</posy>
    </coordinates>
    <controls>
        <control type="image">
            <posx>0</posx>
            <posy>0</posy>
            <width>1920</width>
            <height>1080</height>
            <texture>$INFO[Window.Property(image)]</texture>
            <aspectratio>keep</aspectratio>
        </control>
    </controls>
</window>